{"cameraMode":{"drawMode":0,"name":"Shaded","section":"Shading Mode"},"sceneLighting":true,"audioPlay":false,"sceneViewState":{"showFog":true,"showMaterialUpdate":false,"showSkybox":true,"showFlares":true,"showImageEffects":true,"showParticleSystems":true},"in2DMode":false,"pivot":{"x":-6.029728412628174,"y":20.903291702270509,"z":30.971832275390626},"rotation":{"x":0.0013316432014107705,"y":-0.9449164271354675,"z":0.3272859752178192,"w":0.0038821327034384014},"size":1.2499059438705445,"orthographic":false}