{"cameraMode":{"drawMode":0,"name":"Shaded","section":"Shading Mode"},"sceneLighting":true,"audioPlay":false,"sceneViewState":{"showFog":true,"showMaterialUpdate":false,"showSkybox":true,"showFlares":true,"showImageEffects":true,"showParticleSystems":true},"in2DMode":false,"pivot":{"x":-20.568073272705079,"y":25.746646881103517,"z":4.797600746154785},"rotation":{"x":-0.11775579303503037,"y":-0.8449922800064087,"z":0.2079668939113617,"w":-0.4784051775932312},"size":2.4425463676452638,"orthographic":false}