{"cameraMode":{"drawMode":0,"name":"Shaded","section":"Shading Mode"},"sceneLighting":true,"audioPlay":false,"sceneViewState":{"showFog":true,"showMaterialUpdate":false,"showSkybox":true,"showFlares":true,"showImageEffects":true,"showParticleSystems":true},"in2DMode":false,"pivot":{"x":-5.488735675811768,"y":18.950794219970704,"z":28.981449127197267},"rotation":{"x":0.0014631329104304314,"y":0.9401087164878845,"z":-0.3408481180667877,"w":0.004006898961961269},"size":5.765941619873047,"orthographic":false}