{"cameraMode":{"drawMode":0,"name":"Shaded","section":"Shading Mode"},"sceneLighting":true,"audioPlay":false,"sceneViewState":{"showFog":true,"showMaterialUpdate":false,"showSkybox":true,"showFlares":true,"showImageEffects":true,"showParticleSystems":true},"in2DMode":false,"pivot":{"x":-13.165873527526856,"y":18.824918746948243,"z":22.295547485351564},"rotation":{"x":0.07423080503940582,"y":0.7782338857650757,"z":-0.09368804842233658,"w":0.6164937019348145},"size":8.547250747680664,"orthographic":false}