{"cameraMode":{"drawMode":0,"name":"Shaded","section":"Shading Mode"},"sceneLighting":true,"audioPlay":false,"sceneViewState":{"showFog":true,"showMaterialUpdate":false,"showSkybox":true,"showFlares":true,"showImageEffects":true,"showParticleSystems":true},"in2DMode":false,"pivot":{"x":14.95330810546875,"y":6.065256595611572,"z":4.505641937255859},"rotation":{"x":0.10511516034603119,"y":0.6834679841995239,"z":-0.10041380673646927,"w":0.715359628200531},"size":65.81912231445313,"orthographic":false}